---	Localisation ---

-- Types
INSERT OR REPLACE INTO LocalizedText
		(Tag,	Language,	Text)
VALUES

-- Civilization
	("LOC_CIVILIZATION_ROME_NAME",			"en_US",	"Milano"			),
	("LOC_CIVILIZATION_ROME_DESCRIPTION",	"en_US",	"Herzogtum Mailand"	),
	("LOC_CIVILIZATION_ROME_ADJECTIVE",  	"en_US",	"milanese"			),
	("LOC_CIVILIZATION_ROME_NAME",			"de_DE",	"Milano"			),
	("LOC_CIVILIZATION_ROME_DESCRIPTION",	"de_DE",	"Herzogtum Mailand"	),
	("LOC_CIVILIZATION_ROME_ADJECTIVE",  	"de_DE",	"milanese"			),

-- Cities
	("LOC_CITY_NAME_ROME_1", "en_US", "Milano"),
	("LOC_CITY_NAME_ROME_2", "en_US", "Brescia"),
	("LOC_CITY_NAME_ROME_3", "en_US", "Novara"),
	("LOC_CITY_NAME_ROME_4", "en_US", "Varese"),
	("LOC_CITY_NAME_ROME_5", "en_US", "Lecco"),
	("LOC_CITY_NAME_ROME_6", "en_US", "Busto Arsizio"),
	("LOC_CITY_NAME_ROME_7", "en_US", "Biella"),
	("LOC_CITY_NAME_ROME_8", "en_US", "Domodossola"),
	("LOC_CITY_NAME_ROME_9", "en_US", "Verona"),
	("LOC_CITY_NAME_ROME_10", "en_US", "Vicenza"),
	("LOC_CITY_NAME_ROME_11", "en_US", "Bergamo"),
	("LOC_CITY_NAME_ROME_12", "en_US", "Como"),
	("LOC_CITY_NAME_ROME_13", "en_US", "Trient"),
	("LOC_CITY_NAME_ROME_14", "en_US", "Rovereto"),
	("LOC_CITY_NAME_ROME_15", "en_US", "Bozen"),
	("LOC_CITY_NAME_ROME_16", "en_US", "Meran"),
	("LOC_CITY_NAME_ROME_1", "de_DE", "Milano"),
	("LOC_CITY_NAME_ROME_2", "de_DE", "Brescia"),
	("LOC_CITY_NAME_ROME_3", "de_DE", "Novara"),
	("LOC_CITY_NAME_ROME_4", "de_DE", "Varese"),
	("LOC_CITY_NAME_ROME_5", "de_DE", "Lecco"),
	("LOC_CITY_NAME_ROME_6", "de_DE", "Busto Arsizio"),
	("LOC_CITY_NAME_ROME_7", "de_DE", "Biella"),
	("LOC_CITY_NAME_ROME_8", "de_DE", "Domodossola"),
	("LOC_CITY_NAME_ROME_9", "de_DE", "Verona"),
	("LOC_CITY_NAME_ROME_10", "de_DE", "Vicenza"),
	("LOC_CITY_NAME_ROME_11", "de_DE", "Bergamo"),
	("LOC_CITY_NAME_ROME_12", "de_DE", "Como"),
	("LOC_CITY_NAME_ROME_13", "de_DE", "Trient"),
	("LOC_CITY_NAME_ROME_14", "de_DE", "Rovereto"),
	("LOC_CITY_NAME_ROME_15", "de_DE", "Bozen"),
	("LOC_CITY_NAME_ROME_16", "de_DE", "Meran"),
	("LOC_CITY_NAME_FRANCE_1", "en_US", "Paris"),
	("LOC_CITY_NAME_FRANCE_2", "en_US", "Lyon"),
	("LOC_CITY_NAME_FRANCE_3", "en_US", "Chaumont"),
	("LOC_CITY_NAME_FRANCE_4", "en_US", "Vesoul"),
	("LOC_CITY_NAME_FRANCE_5", "en_US", "Epinal"),
	("LOC_CITY_NAME_FRANCE_1", "de_DE", "Paris"),
	("LOC_CITY_NAME_FRANCE_2", "de_DE", "Lyon"),
	("LOC_CITY_NAME_FRANCE_3", "de_DE", "Chaumont"),
	("LOC_CITY_NAME_FRANCE_4", "de_DE", "Vesoul"),
	("LOC_CITY_NAME_FRANCE_5", "de_DE", "Epinal"),
	("LOC_CITY_NAME_AACHEN", "en_US", "Munich"),
	("LOC_CITY_NAME_COLOGNE", "en_US", "Landsberg"),
	("LOC_CITY_NAME_FRANKFURT", "en_US", "Lindau"),
	("LOC_CITY_NAME_MAGDEBURG", "en_US", "Konstanz"),
	("LOC_CITY_NAME_MAINZ", "en_US", "Colmar"),
	("LOC_CITY_NAME_HEIDELBERG", "en_US", "Biberach"),
	("LOC_CITY_NAME_TRIER", "en_US", "Schlestadt"),
	("LOC_CITY_NAME_BERLIN", "en_US", "Memmingen"),
	("LOC_CITY_NAME_ULM", "en_US", "Albstadt"),
	("LOC_CITY_NAME_HAMBURG", "en_US", "Ravensburg"),
	("LOC_CITY_NAME_DORTMUND", "en_US", "Singen"),
	("LOC_CITY_NAME_NUREMBERG", "en_US", "Tuttlingen"),
	("LOC_CITY_NAME_BREMEN", "en_US", "Donaueschingen"),
	("LOC_CITY_NAME_AUGSBURG", "en_US", "Freiburg im Breisgau"),
	("LOC_CITY_NAME_AACHEN", "de_DE", "München"),
	("LOC_CITY_NAME_COLOGNE", "de_DE", "Landsberg"),
	("LOC_CITY_NAME_FRANKFURT", "de_DE", "Lindau"),
	("LOC_CITY_NAME_MAGDEBURG", "de_DE", "Konstanz"),
	("LOC_CITY_NAME_MAINZ", "de_DE", "Colmar"),
	("LOC_CITY_NAME_HEIDELBERG", "de_DE", "Biberach"),
	("LOC_CITY_NAME_TRIER", "de_DE", "Schlestadt"),
	("LOC_CITY_NAME_BERLIN", "de_DE", "Memmingen"),
	("LOC_CITY_NAME_ULM", "de_DE", "Albstadt"),
	("LOC_CITY_NAME_HAMBURG", "de_DE", "Ravensburg"),
	("LOC_CITY_NAME_DORTMUND", "de_DE", "Singen"),
	("LOC_CITY_NAME_NUREMBERG", "de_DE", "Tuttlingen"),
	("LOC_CITY_NAME_BREMEN", "de_DE", "Donaueschingen"),
	("LOC_CITY_NAME_AUGSBURG", "de_DE", "Freiburg im Breisgau"),
	("LOC_CITY_NAME_VERONA", "en_US", "Verona"),
	("LOC_CITY_NAME_VICENZA", "en_US", "Vicenza"),
	("LOC_CITY_NAME_BERGAMO", "en_US", "Bergamo"),
	("LOC_CITY_NAME_COMO", "en_US", "Como"),
	("LOC_CITY_NAME_TRIENT", "en_US", "Trient"),
	("LOC_CITY_NAME_ROVERETO", "en_US", "Rovereto"),
	("LOC_CITY_NAME_BOZEN", "en_US", "Bozen"),
	("LOC_CITY_NAME_MERAN", "en_US", "Meran"),
	("LOC_CITY_NAME_BELLINZONA", "en_US", "Bellinzona"),
	("LOC_CITY_NAME_ZOFINGEN", "en_US", "Zofingen"),
	("LOC_CITY_NAME_THUN", "en_US", "Thun"),
	("LOC_CITY_NAME_MURTEN", "en_US", "Murten"),
	("LOC_CITY_NAME_PORRENTRUY", "en_US", "Porrentruy"),
	("LOC_CITY_NAME_BURGDORF", "en_US", "Burgdorf"),
	("LOC_CITY_NAME_RAPPERSWIL", "en_US", "Rapperswil"),
	("LOC_CITY_NAME_MALS", "en_US", "Mals"),
	("LOC_CITY_NAME_SONDRIO", "en_US", "Sondrio"),
	("LOC_CITY_NAME_ZERMATT", "en_US", "Zermatt"),
	("LOC_CITY_NAME_OYONNAX", "en_US", "Oyonnax"),
	("LOC_CITY_NAME_PONTARLIER", "en_US", "Pontarlier"),
	("LOC_CITY_NAME_NYON", "en_US", "Nyon"),
	("LOC_CITY_NAME_SINGEN", "en_US", "Singen"),
	("LOC_CITY_NAME_TUTTLINGEN", "en_US", "Tuttlingen"),
	("LOC_CITY_NAME_DONAUESCHINGEN", "en_US", "Donaueschingen"),
	("LOC_CITY_NAME_FREIBURGIMBREISGAU", "en_US", "Freiburg im Breisgau"),
	("LOC_CITY_NAME_GARMISCHPARTENKIRCHEN", "en_US", "Garmisch-Partenkirchen"),
	("LOC_CITY_NAME_DORNBIRN", "en_US", "Dornbirn"),
	("LOC_CITY_NAME_FELDKIRCH", "en_US", "Feldkirch"),
	("LOC_CITY_NAME_VERONA", "de_DE", "Verona"),
	("LOC_CITY_NAME_VICENZA", "de_DE", "Vicenza"),
	("LOC_CITY_NAME_BERGAMO", "de_DE", "Bergamo"),
	("LOC_CITY_NAME_COMO", "de_DE", "Como"),
	("LOC_CITY_NAME_TRIENT", "de_DE", "Trient"),
	("LOC_CITY_NAME_ROVERETO", "de_DE", "Rovereto"),
	("LOC_CITY_NAME_BOZEN", "de_DE", "Bozen"),
	("LOC_CITY_NAME_MERAN", "de_DE", "Meran"),
	("LOC_CITY_NAME_BELLINZONA", "de_DE", "Bellinzona"),
	("LOC_CITY_NAME_ZOFINGEN", "de_DE", "Zofingen"),
	("LOC_CITY_NAME_THUN", "de_DE", "Thun"),
	("LOC_CITY_NAME_MURTEN", "de_DE", "Murten"),
	("LOC_CITY_NAME_PORRENTRUY", "de_DE", "Porrentruy"),
	("LOC_CITY_NAME_BURGDORF", "de_DE", "Burgdorf"),
	("LOC_CITY_NAME_RAPPERSWIL", "de_DE", "Rapperswil"),
	("LOC_CITY_NAME_MALS", "de_DE", "Mals"),
	("LOC_CITY_NAME_SONDRIO", "de_DE", "Sondrio"),
	("LOC_CITY_NAME_ZERMATT", "de_DE", "Zermatt"),
	("LOC_CITY_NAME_OYONNAX", "de_DE", "Oyonnax"),
	("LOC_CITY_NAME_PONTARLIER", "de_DE", "Pontarlier"),
	("LOC_CITY_NAME_NYON", "de_DE", "Nyon"),
	("LOC_CITY_NAME_SINGEN", "de_DE", "Singen"),
	("LOC_CITY_NAME_TUTTLINGEN", "de_DE", "Tuttlingen"),
	("LOC_CITY_NAME_DONAUESCHINGEN", "de_DE", "Donaueschingen"),
	("LOC_CITY_NAME_FREIBURGIMBREISGAU", "de_DE", "Freiburg im Breisgau"),
	("LOC_CITY_NAME_GARMISCHPARTENKIRCHEN", "de_DE", "Garmisch-Partenkirchen"),
	("LOC_CITY_NAME_DORNBIRN", "de_DE", "Dornbirn"),
	("LOC_CITY_NAME_FELDKIRCH", "de_DE", "Feldkirch");
	-- wenn neue Städte hier ändern / hinzufügen: nicht vergessen die auch in TROSGeneral_Civilizatio.sql neu zu laden.

	
-----------------------------------------------
-- City-States
-----------------------------------------------

INSERT OR REPLACE INTO BaseGameText	(Tag, Text)
VALUES

-- CS1 Basel (AMSTERDAM)
	/*("LOC_CIVILIZATION_TROS_CS1_NAME",			"Basel"					),
	("LOC_CIVILIZATION_TROS_CS1_DESCRIPTION",	"Stadt Basel"			),
	("LOC_CIVILIZATION_TROS_CS1_ADJECTIVE",		"baslerisch"			),
	("LOC_LEADER_TROS_CS1_UA_NAME",  			"Basel Suzerain Bonus"	),
	("LOC_CITY_NAME_BASEL",						"Basel"					),
	("LOC_PEDIA_CITYSTATES_PAGE_CIVILIZATION_GENEVA_CHAPTER_HISTORY_PARA_1",	"Plaecholder"),*/

-- CS2 Luzern (BANDAR_BRUNEI)
	/*("LOC_CIVILIZATION_TROS_CS2_NAME",			"Luzern"				),
	("LOC_CIVILIZATION_TROS_CS2_DESCRIPTION",	"Kanton Luzern"			),
	("LOC_CIVILIZATION_TROS_CS2_ADJECTIVE",		"luzernisch"			),
	("LOC_LEADER_TROS_CS2_UA_NAME",  			"Luzern Suzerain Bonus"	),
	("LOC_CITY_NAME_LUZERN",					"Luzern"				),*/

-- CS3 Glarus (BRUSSELS)
	("LOC_CIVILIZATION_TROS_CS3_NAME",			"Glarus"				),
	("LOC_CIVILIZATION_TROS_CS3_DESCRIPTION",	"Kanton Glarus"			),
	("LOC_CIVILIZATION_TROS_CS3_ADJECTIVE",		"glarnerisch"			),
	("LOC_LEADER_TROS_CS3_UA_NAME",  			"Glarus Suzerain Bonus"	),
	("LOC_CITY_NAME_GLARUS",					"Glarus"				),

-- CS4 Schaffhausen (BUENOS_AIRES)
	("LOC_CIVILIZATION_TROS_CS4_NAME",			"Schaffhausen"			),
	("LOC_CIVILIZATION_TROS_CS4_DESCRIPTION",	"Kanton Schaffhausen"	),
	("LOC_CIVILIZATION_TROS_CS4_ADJECTIVE",		"schaffhausisch"			),
	("LOC_LEADER_TROS_CS4_UA_NAME",  			"Schaffhausen Suzerain Bonus"	),
	("LOC_CITY_NAME_SCHAFFHAUSEN",				"Schaffhausen"				),

--CS5 Solothurn (CARTHAGE)
	("LOC_CIVILIZATION_TROS_CS5_NAME",			"Solothurn"			),
	("LOC_CIVILIZATION_TROS_CS5_DESCRIPTION",	"Kanton Solothurn"	),
	("LOC_CIVILIZATION_TROS_CS5_ADJECTIVE",		"solothurnisch"			),
	("LOC_LEADER_TROS_CS5_UA_NAME",  			"Solothurn Suzerain Bonus"	),
	("LOC_CITY_NAME_SOLOTHURN",					"Solothurn"				),

--CS6 (skipped)

--CS7 Sankt Gallen (HATTUSA)
	("LOC_CIVILIZATION_TROS_CS7_NAME",			"St. Gallen"			),
	("LOC_CIVILIZATION_TROS_CS7_DESCRIPTION",	"Kanton Sankt Gallen"	),
	("LOC_CIVILIZATION_TROS_CS7_ADJECTIVE",		"sankt gallisch"			),
	("LOC_LEADER_TROS_CS7_UA_NAME",  			"St. Gallen Suzerain Bonus"	),
	("LOC_CITY_NAME_SANKT_GALLEN",				"St. Gallen"				),

--CS8 Lausanne (HONG_KONG)
	("LOC_CIVILIZATION_TROS_CS8_NAME",			"Waadt"			),
	("LOC_CIVILIZATION_TROS_CS8_DESCRIPTION",	"Kanton Waadt"	),
	("LOC_CIVILIZATION_TROS_CS8_ADJECTIVE",		"vaudois"			),
	("LOC_LEADER_TROS_CS8_UA_NAME",  			"Waadt Suzerain Bonus"	),
	("LOC_CITY_NAME_LAUSANNE",					"Lausanne"				),

--CS9 Liestal (JAKARTA)
	("LOC_CIVILIZATION_TROS_CS9_NAME",			"Baselland"			),
	("LOC_CIVILIZATION_TROS_CS9_DESCRIPTION",	"Kanton Baselland"	),
	("LOC_CIVILIZATION_TROS_CS9_ADJECTIVE",		"basellandschaftlich"	),
	("LOC_LEADER_TROS_CS9_UA_NAME",  			"Baselland Suzerain Bonus"	),
	("LOC_CITY_NAME_LIESTAL",					"Liestal"				),

--CS10 Freiburg (JERUSALEM)
	("LOC_CIVILIZATION_TROS_CS10_NAME",			"Freiburg"			),
	("LOC_CIVILIZATION_TROS_CS10_DESCRIPTION",	"Kanton Freiburg"	),
	("LOC_CIVILIZATION_TROS_CS10_ADJECTIVE",	"freiburgisch"	),
	("LOC_LEADER_TROS_CS10_UA_NAME",  			"Freiburg Suzerain Bonus"	),
	("LOC_CITY_NAME_FREIBURG",					"Freiburg"				),

--CS11 Neuenburg (KABUL)
	("LOC_CIVILIZATION_TROS_CS11_NAME",			"Neuenburg"			),
	("LOC_CIVILIZATION_TROS_CS11_DESCRIPTION",	"Canton de Neuchâtel"	),
	("LOC_CIVILIZATION_TROS_CS11_ADJECTIVE",	"neuchâtelois"	),
	("LOC_LEADER_TROS_CS11_UA_NAME",  			"Neuenburg Suzerain Bonus"	),
	("LOC_CITY_NAME_NEUENBURG",					"Neuenburg"				),

--CS12 Delémont (KANDY) é funktioniert leider nicht
	("LOC_CIVILIZATION_TROS_CS12_NAME",			"Delémont"			),
	("LOC_CIVILIZATION_TROS_CS12_DESCRIPTION",	"Canton de Jura"	),
	("LOC_CIVILIZATION_TROS_CS12_ADJECTIVE",	"jurassien"	),
	("LOC_LEADER_TROS_CS12_UA_NAME",  			"Jura Suzerain Bonus"	),
	("LOC_CITY_NAME_DELEMONT",					"Delémont"				),

--CS13 Locarno (KUMASI)
	("LOC_CIVILIZATION_TROS_CS13_NAME",			"Locarno"			),
	("LOC_CIVILIZATION_TROS_CS13_DESCRIPTION",	"Citta di Locarno"	),
	("LOC_CIVILIZATION_TROS_CS13_ADJECTIVE",	"ticinese"	),
	("LOC_LEADER_TROS_CS13_UA_NAME",  			"Locarno Suzerain Bonus"	),
	("LOC_CITY_NAME_LOCARNO",					"Locarno"				),

--CS14 Lugano (LA_VENTA)
	("LOC_CIVILIZATION_TROS_CS14_NAME",			"Lugano"			),
	("LOC_CIVILIZATION_TROS_CS14_DESCRIPTION",	"Citta di Lugano"	),
	("LOC_CIVILIZATION_TROS_CS14_ADJECTIVE",	"ticinesi"	),
	("LOC_LEADER_TROS_CS14_UA_NAME",  			"Lugano Suzerain Bonus"	),
	("LOC_CITY_NAME_LUGANO",					"Lugano"				),

--CS15 Vaduz (LISBON)
	("LOC_CIVILIZATION_TROS_CS15_NAME",			"Vaduz"			),
	("LOC_CIVILIZATION_TROS_CS15_DESCRIPTION",	"Fürstentum Liechtenstein"	),
	("LOC_CIVILIZATION_TROS_CS15_ADJECTIVE",	"liechtensteinisch"	),
	("LOC_LEADER_TROS_CS15_UA_NAME",  			"Liechtenstein Suzerän Bonus"	),
	("LOC_CITY_NAME_VADUZ",						"Vaduz"				),

--CS16 Biel (MOHENJO_DARO)
	("LOC_CIVILIZATION_TROS_CS16_NAME",			"Biel"			),
	("LOC_CIVILIZATION_TROS_CS16_DESCRIPTION",	"Stadt Biel/Bienne"	),
	("LOC_CIVILIZATION_TROS_CS16_ADJECTIVE",	"bieler"	),
	("LOC_LEADER_TROS_CS16_UA_NAME",  			"Biel Suzerain Bonus"	),
	("LOC_CITY_NAME_BIEL",						"Biel"				),

--CS17 Besançon (PRESLAV)
	("LOC_CIVILIZATION_TROS_CS17_NAME",			"Besancon"			),
	("LOC_CIVILIZATION_TROS_CS17_DESCRIPTION",	"Cité de Besançon"	),
	("LOC_CIVILIZATION_TROS_CS17_ADJECTIVE",	"bisontin"	),
	("LOC_LEADER_TROS_CS17_UA_NAME",  			"Besançon Suzerain Bonus"	),
	("LOC_CITY_NAME_BESANCON",					"Besancon"				),

--CS18 Rottweil (NAN_MADOL)
	("LOC_CIVILIZATION_TROS_CS18_NAME",			"Rottweil"			),
	("LOC_CIVILIZATION_TROS_CS18_DESCRIPTION",	"Stadt Rottweil"	),
	("LOC_CIVILIZATION_TROS_CS18_ADJECTIVE",	"rottweilisch"	),
	("LOC_LEADER_TROS_CS18_UA_NAME",  			"Rottweil Suzerain Bonus"	),
	("LOC_CITY_NAME_ROTTWEIL",					"Rottweil"				),

--CS19 Mülhausen (SEOUL)
	/*("LOC_CIVILIZATION_TROS_CS19_NAME",			"Mülhausen"			),
	("LOC_CIVILIZATION_TROS_CS19_DESCRIPTION",	"Mulhouse"	),
	("LOC_CIVILIZATION_TROS_CS19_ADJECTIVE",	"mülhausisch"	),
	("LOC_LEADER_TROS_CS19_UA_NAME",  			"Mülhausen Suzerain Bonus"	),
	("LOC_CITY_NAME_MULHAUSEN",					"Mülhausen"				),*/

--CS20 Pfullendorf (STOCKHOLM)
	("LOC_CIVILIZATION_TROS_CS20_NAME",			"Pfullendorf"			),
	("LOC_CIVILIZATION_TROS_CS20_DESCRIPTION",	"Stadt Pfullendorf"	),
	("LOC_CIVILIZATION_TROS_CS20_ADJECTIVE",	"pfullendorfer"	),
	("LOC_LEADER_TROS_CS20_UA_NAME",  			"Pfullendorf Suzerain Bonus"	),
	("LOC_CITY_NAME_PFULLENDORF",				"Pfullendorf"				),

--CS21 Kempten (TORONTO)
	("LOC_CIVILIZATION_TROS_CS21_NAME",			"Kempten"			),
	("LOC_CIVILIZATION_TROS_CS21_DESCRIPTION",	"Allgäu"	),
	("LOC_CIVILIZATION_TROS_CS21_ADJECTIVE",	"allgäuisch"	),
	("LOC_LEADER_TROS_CS21_UA_NAME",  			"Allgäu Suzerain Bonus"	),
	("LOC_CITY_NAME_KEMPTEN",					"Kempten"				),

--CS22 Buron (VALLETTA)
	("LOC_CIVILIZATION_TROS_CS22_NAME",			"Buron"			),
	("LOC_CIVILIZATION_TROS_CS22_DESCRIPTION",	"Kaufbeuren"	),
	("LOC_CIVILIZATION_TROS_CS22_ADJECTIVE",	"beirisch"	),
	("LOC_LEADER_TROS_CS22_UA_NAME",  			"Buron Suzerain Bonus"	),
	("LOC_CITY_NAME_BURON",						"Buron"				),

-- CS23 Basel (VILNIUS) -- Nötige Duplikate; falls unkommentieren: Semikolon nicht vergessen Zeile oben oder ganz unten
	("LOC_CIVILIZATION_TROS_CS23_NAME",			"Basel"					),
	("LOC_CIVILIZATION_TROS_CS23_DESCRIPTION",	"Stadt Basel"			),
	("LOC_CIVILIZATION_TROS_CS23_ADJECTIVE",	"baslerisch"			),
	("LOC_LEADER_TROS_CS23_UA_NAME",  			"Basel Suzerain Bonus"	),
	("LOC_CITY_NAME_BASEL",						"Basel"					),
--
-- CS24 Luzern (YEREVAN)
	("LOC_CIVILIZATION_TROS_CS24_NAME",			"Luzern"				),
	("LOC_CIVILIZATION_TROS_CS24_DESCRIPTION",	"Kanton Luzern"			),
	("LOC_CIVILIZATION_TROS_CS24_ADJECTIVE",	"luzernisch"			),
	("LOC_LEADER_TROS_CS24_UA_NAME",  			"Luzern Suzerain Bonus"	),
	("LOC_CITY_NAME_LUZERN",					"Luzern"				),
--
--CS25 Mülhausen (ZANZIBAR)
	("LOC_CIVILIZATION_TROS_CS25_NAME",			"Mülhausen"				),
	("LOC_CIVILIZATION_TROS_CS25_DESCRIPTION",	"Mulhouse"				),
	("LOC_CIVILIZATION_TROS_CS25_ADJECTIVE",	"mülhausisch"			),
	("LOC_LEADER_TROS_CS25_UA_NAME",  			"Mülhausen Suzerain Bonus"	),
	("LOC_CITY_NAME_MULHAUSEN",					"Mülhausen"				);

-----------------------------------------------
-- Other
-----------------------------------------------

INSERT OR REPLACE INTO LocalizedText
		(Tag,	Language,	Text)
VALUES
-- Eiger, Mönch & Jungfrau
	("LOC_FEATURE_EVEREST_NAME",	"en_US",	"Eiger, Mönch und Jungfrau"	),
	("LOC_FEATURE_EVEREST_NAME",	"de_DE",	"Eiger, Mönch und Jungfrau"	),

-- Mont Blanc
	("LOC_FEATURE_KILIMANJARO_NAME",	"en_US",	"Mont Blanc"	),
	("LOC_FEATURE_KILIMANJARO_NAME",	"de_DE",	"Mont Blanc"	),

-- Creux du Van
	("LOC_FEATURE_PIOPIOTAHI_NAME",	"en_US",	"Creux du Van"	),
	("LOC_FEATURE_PIOPIOTAHI_NAME",	"de_DE",	"Creux du Van"	),

-- Aprikosen
	("LOC_RESOURCE_CITRUS_NAME",	"en_US",	"Aprikosen"	),
	("LOC_RESOURCE_CITRUS_NAME",	"de_DE",	"Aprikosen"	);